hip,name,ra_deg,dec_deg,mag
,Sol,0.000000,0.0,-26.70
122,The Oct,0.399240,-77.065724,4.78
154,30    Psc,0.490080,-6.014072,4.37
301,2    Cet,0.934950,-17.335988,4.55
355,3    Cet,1.125495,-10.509523,4.99
443,33    Psc,1.333920,-5.707618,4.61
677,Alpheratz,2.096865,29.090432,2.07
746,Caph,2.293305,59.14978,2.28
765,Eps Phe,2.352540,-45.747426,3.88
910,6    Cet,2.816085,-15.467977,4.89
1067,Algenib,3.308970,15.183596,2.83
1168,89Chi Peg,3.650670,20.206702,4.79
1170,7    Cet,3.660075,-18.932866,4.44
1366,24The And,4.272945,38.681636,4.61
1473,25Sig And,4.581945,36.785224,4.51
1562,8Iot Cet,4.856985,-8.823921,3.56
1599,Zet Tuc,5.012130,-64.874791,4.23
2021,Bet Hyi,6.418740,-77.254247,2.82
2072,Kap Phe,6.550740,-43.679829,3.93
2081,Ankaa,6.570840,-42.305981,2.40
2210,Eta Scl,6.982080,-33.007167,4.86
2472,Lam1Phe,7.853910,-48.803514,4.76
2484,Bet1Tuc,7.885875,-62.958218,4.36
2487,Bet2Tuc,7.889190,-62.965561,4.53
2505,14Lam Cas,7.943085,54.522289,4.74
2599,15Kap Cas,8.249955,62.931783,4.17
2912,29Pi  And,9.220200,33.719344,4.34
2920,Fulu,9.242820,53.896909,3.69
3031,30Eps And,9.639030,29.311751,4.34
3092,31Del And,9.831930,30.861024,3.27
3179,Schedar,10.126740,56.537331,2.24
3245,Mu  Phe,10.331490,-46.085007,4.59
3300,19Xi  Cas,10.516215,50.512526,4.80
3405,Eta Phe,10.838505,-57.46306,4.36
3414,20Pi  Cas,10.866990,47.024546,4.95
3419,Diphda,10.897350,-17.986605,2.04
3455,17Phi1Cet,11.047500,-10.60955,4.77
3504,22Omi Cas,11.181300,48.284364,4.48
3693,34Zet And,11.834715,24.267178,4.08
3786,63Del Psc,12.170595,7.585079,4.44
3801,25Nu  Cas,12.208380,50.968168,4.90
3821,Achird,12.273900,57.815187,3.46
3881,35Nu  And,12.453510,41.078911,4.53
4147,20    Cet,13.252065,-1.14426,4.78
4151,HIP4151,13.267665,61.12397,4.80
4292,26Ups1Cas,13.750725,58.972698,4.83
4422,Castula,14.166480,59.181056,4.62
4427,Cih,14.177145,60.71674,2.15
4436,37Mu  And,14.188275,38.499345,3.86
4463,38Eta And,14.301675,23.417648,4.40
4577,Alp Scl,14.651490,-29.357449,4.30
4906,71Eps Psc,15.735870,7.890135,4.27
5165,Bet Phe,16.521105,-46.718414,3.32
5348,Wurren,17.096130,-55.24576,3.94
5364,31Eta Cet,17.147460,-10.182264,3.46
5372,HIP5372,17.184195,86.25709,4.24
5434,42Phi And,17.375520,47.241792,4.26
5447,Mirach,17.432910,35.620558,2.07
5542,33The Cas,17.775255,55.149901,4.34
5571,84Chi Psc,17.863410,21.03465,4.66
5586,83Tau Psc,17.915130,30.089638,4.51
5742,85Phi Psc,18.437280,24.583713,4.67
5862,Nu  Phe,18.795645,-45.531664,4.97
5896,Kap Tuc,18.940560,-68.875927,4.25
6193,90Ups Psc,19.866645,27.264059,4.74
6242,34Phi Cas,20.020485,58.231611,4.95
6411,Adhil,20.585055,45.528778,4.87
6537,45The Cet,21.005850,-8.183257,3.60
6670,46    Cet,21.405135,-14.598796,4.90
6686,Ruchbah,21.453240,60.235283,2.66
6692,36Psi Cas,21.483120,68.130012,4.72
6813,48Ome And,21.913725,45.406687,4.83
6867,Gam Phe,22.091385,-43.318234,3.41
7007,98Mu  Psc,22.546305,6.14382,4.84
7083,Del Phe,22.812765,-49.072702,3.93
7097,Alpherg,22.870875,15.345823,3.62
7294,39Chi Cas,23.482920,59.23204,4.68
7513,Titawin,24.199485,41.405459,4.10
7588,Achernar,24.428340,-57.236757,0.45
7607,Nembus,24.498075,48.628213,3.59
7818,53Tau And,25.145055,40.577049,4.96
7884,106Nu  Psc,25.357890,5.487613,4.45
7918,HIP7918,25.445745,42.613369,4.96
7999,HIP7999,25.681290,-3.6902,4.98
8068,Phi Per,25.915125,50.688732,4.01
8102,52Tau Cet,26.017185,-15.93748,3.49
8198,Torcular,26.348460,9.157736,4.26
8497,53Chi Cet,27.396270,-10.68641,4.66
8645,Baten Kaitos,27.865140,-10.335038,3.74
8796,Mothallah,28.270440,29.578829,3.42
8832,Mesarthim,28.382550,19.293852,3.88
8833,111Xi  Psc,28.388955,3.187536,4.61
8837,Psi Phe,28.411530,-46.302669,4.39
8886,Segin,28.598760,63.670101,3.35
8903,Sheratan,28.660020,20.808035,2.64
8928,Eta2Hyi,28.733580,-67.647303,4.68
9007,Chi Eri,28.988460,-51.608896,3.69
9009,46Ome Cas,29.000055,68.685242,4.97
9061,56    Cet,29.167485,-22.526785,4.92
9095,HIP9095,29.291880,-47.385277,4.82
9153,9Lam Ari,29.482170,23.596061,4.79
9236,Alp Hyi,29.691765,-61.569859,2.86
9347,59Ups Cet,30.001260,-21.077831,3.99
9480,48    Cas,30.489660,70.90702,4.49
9487,Alrescha,30.511755,2.763759,3.82
9505,4    Per,30.575385,54.487541,4.99
9598,50    Cas,30.859020,72.421294,3.95
9640,Almach,30.974760,42.329725,2.10
9677,Nu  For,31.122660,-29.296819,4.68
9884,Hamal,31.793325,23.462423,2.01
9977,58    And,32.121810,37.859077,4.78
10053,14    Ari,32.355540,25.939892,4.98
10064,4Bet Tri,32.385870,34.987297,3.00
10280,6    Tri,33.092865,30.303067,4.94
10324,65Xi 1Cet,33.249975,8.846717,4.36
10340,60    And,33.305535,44.231652,4.84
10602,Phi Eri,34.127310,-51.512165,3.56
10644,8Del Tri,34.262865,34.224231,4.84
10670,9Gam Tri,34.328595,33.847194,4.03
11001,Del Hyi,35.437470,-68.659418,4.08
11313,65    And,36.405900,50.278631,4.73
11345,72Rho Cet,36.487515,-12.29048,4.88
11407,Kap Eri,36.746325,-47.70384,4.24
11484,73Xi 2Cet,37.039755,8.460054,4.30
11569,Iot Cas,37.266555,67.402474,4.46
11767,Polaris,37.946250,89.264109,1.97
11783,76Sig Cet,38.021790,-15.244677,4.74
11918,Ome For,38.461275,-28.232343,4.96
12093,78Nu  Cet,38.968635,5.593246,4.87
12387,82Del Cet,39.870660,0.328511,4.08
12390,83Eps Cet,39.890970,-11.872156,4.83
12394,Eps Hyi,39.896985,-68.266946,4.12
12413,HIP12413,39.949890,-42.89167,4.74
12486,Iot Eri,40.166715,-39.855375,4.11
12623,12    Per,40.562160,40.193944,4.91
12706,Kaffaljidhma,40.825170,3.235818,3.47
12719,35    Ari,40.862970,27.707146,4.65
12770,89Pi  Cet,41.030625,-13.858696,4.24
12777,13The Per,41.049510,49.228448,4.10
12828,87Mu  Cet,41.235585,10.114146,4.27
12843,1Tau1Eri,41.275725,-18.572563,4.47
12876,Zet Hyi,41.385720,-67.616617,4.83
13061,Lilii Borea,41.977200,29.247118,4.52
13147,Bet For,42.272535,-32.405898,4.45
13209,Bharani,42.495945,27.260507,3.61
13244,Nu  Hyi,42.618825,-75.066947,4.76
13254,16    Per,42.645945,38.318644,4.22
13268,Miram,42.674175,55.895496,3.77
13288,Angetenar,42.759675,-21.004019,4.76
13328,17    Per,42.878490,35.059741,4.56
13531,18Tau Per,43.564425,52.762479,3.93
13701,Azha,44.106870,-8.898144,3.89
13847,Acamar,44.565345,-40.304672,2.88
13879,22Pi  Per,44.690280,39.662728,4.68
13884,Bet Hor,44.699085,-64.071284,4.98
13905,24    Per,44.765340,35.183128,4.94
13914,48Eps Ari,44.803020,21.340429,4.63
13954,91Lam Cet,44.928750,8.907365,4.71
14135,Menkar,45.569880,4.089734,2.54
14146,11Tau3Eri,45.597945,-23.624472,4.08
14328,23Gam Per,46.199130,53.50644,2.91
14354,25Rho Per,46.294050,38.840274,3.32
14382,HIP14382,46.385070,56.705719,4.77
14576,Algol,47.042220,40.955648,2.09
14632,Iot Per,47.265075,49.613278,4.05
14668,Misam,47.373870,44.857544,3.79
14817,28Ome Per,47.822445,39.611582,4.61
14838,Botein,47.907330,19.726677,4.35
14862,HIP14862,47.984355,74.393659,4.85
14879,Dalim,48.018735,-28.987618,3.80
15110,58Zet Ari,48.725400,21.044441,4.87
15197,Zibal,48.958440,-8.81973,4.80
15382,15    Eri,49.592100,-22.511118,4.86
15416,HIP15416,49.682610,34.222653,4.85
15457,96Kap1Cet,49.840395,3.370198,4.84
15474,16Tau4Eri,49.879170,-21.757864,3.70
15510,82 G. Eri,49.979160,-43.069784,4.26
15520,HIP15520,49.996935,65.652292,4.74
15549,HIP15549,50.084835,29.048458,4.47
15648,32    Per,50.360715,43.329651,4.96
15863,Mirfak,51.080670,49.86118,1.79
15900,1Omi Tau,51.203310,9.02887,3.61
16083,2Xi  Tau,51.792300,9.73268,3.73
16147,HIP16147,52.012755,49.062866,4.99
16228,HIP16228,52.267230,59.94033,4.21
16244,34    Per,52.341840,49.508948,4.67
16245,Kap Ret,52.343370,-62.937527,4.71
16281,HIP16281,52.478100,58.87875,4.55
16335,35Sig Per,52.643685,47.995216,4.36
16341,17    Eri,52.654410,-5.075145,4.74
16369,5    Tau,52.718235,12.936678,4.14
16537,Ran,53.232720,-9.458262,3.72
16611,19Tau5Eri,53.446980,-21.632883,4.26
16826,37Psi Per,54.122385,48.192634,4.32
16852,10    Tau,54.218265,0.401662,4.29
16870,HIP16870,54.273660,-40.274545,4.57
17304,Del For,55.562085,-31.938361,4.99
17313,40    Per,55.594365,33.965026,4.97
17351,HIP17351,55.708620,-37.313518,4.59
17358,39Del Per,55.731240,47.787551,3.01
17378,Rana,55.812090,-9.763395,3.52
17440,Bet Ret,56.048895,-64.806903,3.84
17448,Atik,56.079720,32.288248,3.84
17499,Electra,56.218905,24.113339,3.72
17529,41Nu  Per,56.298480,42.578549,3.77
17531,Taygeta,56.302050,24.467278,4.30
17573,Maia,56.456685,24.367748,3.87
17587,HIP17587,56.509710,63.345047,4.78
17593,26Pi  Eri,56.535555,-12.101589,4.43
17608,Merope,56.581560,23.948358,4.14
17651,27Tau6Eri,56.712060,-23.249723,4.22
17678,Gam Hyi,56.809425,-74.238962,3.26
17702,Alcyone,56.871150,24.105137,2.85
17797,HIP17797,57.149445,-37.620155,4.30
17847,Atlas,57.290595,24.053415,3.62
17874,HIP17874,57.363555,-36.20025,4.17
17884,HIP17884,57.380355,65.525972,4.39
17959,Gam Cam,57.589530,71.332266,4.59
18216,33Tau8Eri,58.427925,-24.61223,4.64
18246,44Zet Per,58.533000,31.883635,2.84
18255,32    Eri,58.572930,-2.95473,4.46
18488,HIP18488,59.284545,61.108883,4.99
18505,HIP18505,59.356005,63.072264,4.95
18532,45Eps Per,59.463450,40.010215,2.90
18543,Zaurak,59.507355,-13.508515,2.97
18597,Del Ret,59.686425,-61.400185,4.56
18614,Menkib,59.741250,35.791033,3.98
18673,36Tau9Eri,59.981175,-24.016215,4.62
18724,35Lam Tau,60.170070,12.490347,3.41
18744,Gam Ret,60.224190,-62.159284,4.48
18772,Iot Ret,60.325455,-61.078822,4.97
18907,38Nu  Tau,60.789090,5.989305,3.91
19038,37    Tau,61.173795,22.081926,4.36
19167,47Lam Per,61.646025,50.351262,4.25
19343,48    Per,62.165355,47.712513,3.96
19515,Del Hor,62.710620,-41.993573,4.93
19587,Beid,62.966415,-6.837581,4.04
19740,47    Tau,63.484935,9.263824,4.84
19747,Alp Hor,63.500445,-42.294368,3.85
19777,39    Eri,63.598710,-10.256283,4.87
19780,Alp Ret,63.606060,-62.473858,3.33
19811,52    Per,63.722145,40.483671,4.67
19812,51Mu  Per,63.724425,48.409331,4.12
19849,Keid,63.818055,-7.652871,4.43
19860,49Mu  Tau,63.883575,8.892357,4.27
19893,Gam Dor,64.006455,-51.486648,4.26
19921,Eps Ret,64.121070,-59.302156,4.44
19990,50Ome2Tau,64.315260,20.578591,4.93
20042,41Ups4Eri,64.473555,-33.798348,3.55
20070,HIP20070,64.560840,50.295502,4.60
20205,Prima Hyadum,64.948335,15.627642,3.65
20250,52Phi Tau,65.088405,27.350754,4.97
20252,54    Per,65.102670,34.566725,4.93
20354,53    Per,65.388165,46.498878,4.80
20455,Secunda Hyadum,65.733705,17.542514,3.77
20535,Beemim,66.009195,-34.016846,3.97
20542,64Del2Tau,66.023985,17.44413,4.80
20635,65Kap1Tau,66.342330,22.293874,4.21
20648,68Del3Tau,66.372420,17.92791,4.30
20711,69Ups Tau,66.576915,22.813583,4.28
20713,71    Tau,66.586410,15.618265,4.48
20732,73Pi  Tau,66.651555,14.713782,4.69
20877,75    Tau,67.109880,16.359672,4.96
20885,77The1Tau,67.143720,15.962181,3.84
20889,Ain,67.154145,19.180431,3.53
20894,Chamukuy,67.165575,15.870883,3.40
21029,HIP21029,67.640130,16.194014,4.78
21139,45    Eri,67.969440,-0.044011,4.91
21248,50Ups1Eri,68.377350,-29.766492,4.49
21273,86Rho Tau,68.462145,14.844424,4.65
21281,Alp Dor,68.498970,-55.044975,3.30
21393,Theemin,68.887680,-30.562341,3.81
21402,88    Tau,68.913585,10.16079,4.25
21421,Aldebaran,68.980155,16.509301,0.87
21444,48Nu  Eri,69.079755,-3.352459,3.93
21476,58    Per,69.172620,41.264808,4.25
21589,90    Tau,69.539415,12.510838,4.27
21594,Sceptrum,69.545100,-14.30402,3.86
21644,HIP21644,69.723150,-12.123121,4.99
21683,92Sig2Tau,69.818745,15.917977,4.67
21763,54    Eri,70.110465,-19.671493,4.32
21770,Alp Cae,70.140585,-41.863752,4.44
21881,94Tau Tau,70.561260,22.956926,4.27
22109,57Mu  Eri,71.375625,-3.254657,4.01
22449,Tabit,72.460035,6.961276,3.19
22453,HIP22453,72.477690,37.488275,4.89
22509,2Pi 2Ori,72.653010,8.900176,4.35
22549,3Pi 4Ori,72.801510,5.605104,3.68
22667,4Omi1Ori,73.133175,14.250642,4.71
22678,2    Aur,73.158270,36.703187,4.79
22701,61Ome Eri,73.223625,-5.452695,4.36
22783,9Alp Cam,73.512540,66.342678,4.26
22797,8Pi 5Ori,73.562895,2.440672,3.71
22845,7Pi 1Ori,73.723860,10.150833,4.64
22957,9Omi2Ori,74.092815,13.514466,4.06
23015,Hassaleh,74.248410,33.16609,2.69
23040,7    Cam,74.321700,53.752101,4.43
23123,10Pi 6Ori,74.637090,1.714016,4.47
23179,4Ome Aur,74.814180,37.890245,4.93
23231,64    Eri,74.982240,-12.537416,4.78
23362,HIP23362,75.356580,-20.051918,4.91
23364,65Psi Eri,75.359775,-7.173965,4.80
23416,Almaaz,75.492225,43.823308,3.03
23453,Saclateni,75.619515,41.075837,3.69
23497,102Iot Tau,75.773940,21.589962,4.62
23522,10Bet Cam,75.854550,60.442245,4.03
23595,Gam1Cae,76.101600,-35.482978,4.55
23607,11    Ori,76.142295,15.404105,4.65
23685,2Eps Lep,76.365270,-22.371032,3.19
23693,Zet Dor,76.377795,-57.472704,4.71
23767,Haedus,76.628700,41.234474,3.18
23783,9    Aur,76.669335,51.59772,4.98
23835,104    Tau,76.862460,18.645052,4.91
23875,Cursa,76.962435,-5.086446,2.78
23972,69Lam Eri,77.286600,-8.754081,4.25
24010,15    Ori,77.424810,15.597232,4.81
24244,3Iot Lep,78.074595,-11.869219,4.45
24305,5Mu  Lep,78.232920,-16.205468,3.29
24327,4Kap Lep,78.307830,-12.941291,4.36
24331,17Rho Ori,78.322845,2.861265,4.46
24340,11Mu  Aur,78.357165,38.484498,4.82
24372,The Dor,78.439320,-67.185255,4.81
24436,Rigel,78.634470,-8.20164,0.18
24608,Capella,79.172250,45.997991,0.08
24659,Omi Col,79.371165,-34.895207,4.81
24674,20Tau Ori,79.401630,-6.844409,3.59
24727,16    Aur,79.544025,33.371613,4.54
24813,15Lam Aur,79.784925,40.099051,4.69
24822,109    Tau,79.819170,22.096494,4.96
24845,6Lam Lep,79.893855,-13.176788,4.29
24927,HIP24927,80.112165,-21.239763,4.70
25044,22    Ori,80.440620,-0.382465,4.72
25142,23    Ori,80.708340,3.544452,4.99
25247,29    Ori,80.986785,-7.808065,4.13
25281,28Eta Ori,81.119235,-2.397146,3.35
25302,25Psi1Ori,81.186780,1.846445,4.89
25336,Bellatrix,81.282765,6.349702,1.64
25428,Elnath,81.572970,28.60745,1.65
25473,30Psi2Ori,81.709290,3.095674,4.59
25539,114    Tau,81.908685,21.936965,4.88
25606,Nihal,82.061340,-20.759441,2.81
25737,31    Ori,82.433250,-1.092239,4.71
25813,32    Ori,82.696050,5.948139,4.20
25859,Eps Col,82.803135,-35.470519,3.86
25923,36Ups Ori,82.982745,-7.301537,4.62
25930,Mintaka,83.001675,-0.299092,2.25
25945,119    Tau,83.053125,18.594234,4.32
25984,25Chi Aur,83.181975,32.192022,4.71
25985,Arneb,83.182560,-17.822289,2.58
26069,Bet Dor,83.406315,-62.489825,3.76
26176,37Phi1Ori,83.705160,9.489579,4.39
26199,HIP26199,83.761170,-6.002027,4.78
26207,Meissa,83.784495,9.934158,3.39
26220,41The1Ori,83.815920,-5.387315,4.98
26235,43The2Ori,83.845425,-5.41606,4.98
26237,42    Ori,83.846520,-4.838358,4.58
26241,Hatysa,83.858265,-5.909901,2.75
26311,Alnilam,84.053385,-1.20192,1.69
26366,40Phi2Ori,84.226620,9.290673,4.09
26451,Tianguan,84.411195,21.142549,2.97
26549,48Sig Ori,84.686535,-2.600069,3.77
26563,49    Ori,84.721185,-7.212829,4.77
26594,47Ome Ori,84.796440,4.121467,4.50
26634,Phact,84.912255,-34.074108,2.65
26727,Alnitak,85.189695,-1.942572,1.74
26736,HIP26736,85.211310,-1.128787,4.95
26777,126    Tau,85.323825,16.534148,4.84
26885,51    Ori,85.619295,1.474629,4.90
27072,13Gam Lep,86.115855,-22.448382,3.59
27100,Del Dor,86.193345,-65.735526,4.34
27288,14Zet Lep,86.738925,-14.82195,3.55
27321,Bet Pic,86.821185,-51.066514,3.85
27366,Saiph,86.939115,-9.669605,2.07
27468,132    Tau,87.254025,24.567535,4.88
27483,29Tau Aur,87.293505,39.181071,4.51
27511,134    Tau,87.387210,12.651324,4.89
27530,Gam Pic,87.456765,-56.166663,4.50
27628,Wazn,87.739935,-35.768309,3.12
27639,31Ups Aur,87.760125,37.305573,4.72
27654,15Del Lep,87.830355,-20.879089,3.76
27673,32Nu  Aur,87.872490,39.14848,3.97
27750,56    Ori,88.110165,1.855134,4.76
27810,Lam Col,88.278675,-33.801361,4.88
27830,136    Tau,88.331850,27.612262,4.56
27890,HIP27890,88.524870,-63.089627,4.65
27913,54Chi1Ori,88.595790,20.276174,4.39
27949,30Xi  Aur,88.711605,55.706947,4.96
27989,Betelgeuse,88.792935,7.407063,0.45
28010,Xi  Col,88.874625,-37.120668,4.97
28103,16Eta Lep,89.101230,-14.1677,3.71
28199,Gam Col,89.384205,-35.28328,4.36
28237,139    Tau,89.498565,25.953912,4.81
28328,Eta Col,89.786670,-42.815135,3.96
28358,33Del Aur,89.881665,54.284656,3.72
28360,Menkalinan,89.882235,44.947433,1.90
28380,Mahasim,89.930265,37.212585,2.65
28404,35Pi  Aur,89.983755,45.936736,4.30
28413,HIP28413,90.013950,-3.074253,4.53
28574,3    Mon,90.460095,-10.59793,4.92
28614,61Mu  Ori,90.595830,9.647276,4.12
28716,62Chi2Ori,90.979935,20.138452,4.64
28734,1    Gem,91.030065,23.263341,4.16
28816,17    Lep,91.246365,-16.484435,4.92
28910,18The Lep,91.538850,-14.935254,4.67
29038,67Nu  Ori,91.893015,14.768472,4.42
29276,Del Pic,92.574630,-54.968645,4.72
29426,70Xi  Ori,92.984985,14.208765,4.45
29434,69    Ori,93.013665,16.130406,4.95
29651,5Gam Mon,93.713880,-6.274776,3.99
29655,Propus,93.719415,22.506799,3.31
29696,44Kap Aur,93.844560,29.498076,4.32
29807,Kap Col,94.138065,-35.140519,4.37
29997,HIP29997,94.711575,69.319787,4.76
30060,2    Lyn,94.905780,59.010964,4.44
30093,HIP30093,94.998330,-2.944493,4.91
30122,Furud,95.078295,-30.063367,3.02
30277,Del Col,95.528460,-33.4364,3.85
30324,Mirzam,95.674935,-17.955918,1.98
30343,Tejat,95.740095,22.513586,2.87
30419,8Eps Mon,95.942025,4.592865,4.39
30438,Canopus,95.987925,-52.69566,-0.62
30520,46Psi1Aur,96.224595,49.287893,4.92
30788,Lam CMa,97.042545,-32.58007,4.47
30867,11Bet Mon,97.204455,-7.033062,3.76
30883,18Nu  Gem,97.240785,20.212133,4.13
31125,4Xi 1CMa,97.964025,-23.418422,4.34
31216,13    Mon,98.225940,7.332965,4.47
31407,HIP31407,98.744100,-52.975607,4.35
31416,5Xi 2CMa,98.764110,-22.964793,4.54
31592,7Nu 2CMa,99.170985,-19.255879,3.95
31681,Alhena,99.427920,16.399252,1.93
31685,Nu  Pup,99.440295,-43.195934,3.17
31700,8Nu 3CMa,99.472590,-18.237478,4.42
31827,HIP31827,99.819660,-14.145764,4.82
31832,50Psi2Aur,99.832605,42.488877,4.80
31978,15    Mon,100.244415,9.895754,4.66
32246,Mebsuta,100.983030,25.131124,3.06
32249,30    Gem,100.997055,13.228017,4.49
32349,Sirius,101.287215,-16.716116,-1.44
32362,Alzirr,101.322360,12.895591,3.35
32438,12    Lyn,101.558925,59.44167,4.86
32533,17    Mon,101.832630,8.037254,4.77
32578,18    Mon,101.965200,2.412159,4.48
32607,Alp Pic,102.047910,-61.941391,3.24
32759,13Kap CMa,102.460245,-32.508478,3.50
32761,HIP32761,102.463815,-53.622449,4.41
32768,Tau Pup,102.483990,-50.61456,2.94
32844,58Psi7Aur,102.691455,41.78123,4.99
32855,HIP32855,102.718140,-34.367318,4.99
33018,34The Gem,103.197240,33.961254,3.60
33092,15    CMa,103.387110,-20.224254,4.82
33152,16Omi1CMa,103.533135,-24.184211,3.89
33160,14The CMa,103.547505,-12.038628,4.08
33202,38    Gem,103.660980,13.177827,4.73
33302,19Pi  CMa,103.905960,-20.136497,4.66
33347,20Iot CMa,104.034270,-17.054242,4.36
33357,HIP33357,104.066625,-48.721144,4.94
33449,15    Lyn,104.319180,58.422759,4.35
33485,16    Lyn,104.404635,45.094094,4.90
33579,Adhara,104.656455,-28.972084,1.50
33694,HIP33694,105.016215,76.977408,4.55
33856,Nganurganity,105.429780,-27.93483,3.49
33971,19    Mon,105.728235,-4.239231,4.99
33977,24Omi2CMa,105.756135,-23.833291,3.02
34045,Muliphein,105.939555,-15.633286,4.11
34059,HIP34059,105.973440,-49.58392,4.92
34088,Mekbuda,106.027215,20.570297,4.01
34444,Wezen,107.097855,-26.3932,1.83
34481,Gam2Vol,107.186820,-70.498932,3.78
34495,HIP34495,107.212785,-39.655657,4.83
34622,20    Mon,107.557005,-4.237106,4.91
34693,46Tau Gem,107.784885,30.245163,4.41
34752,63    Aur,107.913825,39.320549,4.91
34769,22Del Mon,107.966085,-0.492764,4.15
34834,HIP34834,108.140250,-46.759305,4.49
34899,HIP34899,108.305655,-45.182739,4.87
34922,HIP34922,108.384555,-44.639739,4.42
34981,27    CMa,108.563385,-26.352507,4.42
35020,HIP35020,108.658920,-48.271927,4.75
35037,28Ome CMa,108.702735,-26.772667,4.01
35205,HIP35205,109.145805,-27.881179,4.66
35210,HIP35210,109.153470,-23.315594,4.83
35228,Del Vol,109.207620,-67.957152,3.97
35264,Pi  Pup,109.285665,-37.09747,2.71
35350,54Lam Gem,109.523250,16.540383,3.58
35363,HIP35363,109.576650,-36.733962,4.65
35412,29    CMa,109.668240,-24.558701,4.88
35415,30Tau CMa,109.677030,-24.954375,4.37
35550,Wasat,110.030745,21.98232,3.50
35727,HIP35727,110.556375,-19.0166,4.94
35904,Aludra,111.023760,-29.303104,2.45
36041,2Eps CMi,111.412065,9.276097,4.99
36046,60Iot Gem,111.431685,27.79808,3.78
36145,21    Lyn,111.678555,49.211527,4.61
36188,Gomeisa,111.787680,8.289315,2.89
36284,4Gam CMi,112.040805,8.92553,4.33
36366,62Rho Gem,112.277925,31.78455,4.16
36377,Sig Pup,112.307685,-43.301432,3.25
36425,6    CMi,112.449090,12.006564,4.55
36431,HIP36431,112.464225,-23.024287,4.85
36514,HIP36514,112.677510,-30.962281,4.65
36547,HIP36547,112.768665,82.411466,4.92
36773,HIP36773,113.449845,-14.523892,4.82
36795,HIP36795,113.513265,-22.296067,4.44
36850,Castor,113.649510,31.888276,1.58
36917,HIP36917,113.845410,-28.369323,4.65
36942,HIP36942,113.915475,-52.533836,4.93
36962,69Ups Gem,113.980620,26.895741,4.06
37096,HIP37096,114.342135,-34.96853,4.53
37173,HIP37173,114.575190,-25.364804,4.69
37229,HIP37229,114.707790,-26.803836,3.80
37265,Jishui,114.791400,34.584346,4.89
37279,Procyon,114.825495,5.224993,0.40
37297,HIP37297,114.863925,-38.308021,4.84
37379,HIP37379,115.096710,-15.26392,4.98
37447,26Alp Mon,115.311810,-9.551131,3.94
37504,Zet Vol,115.455060,-72.606098,3.93
37609,24    Lyn,115.751820,58.71036,4.93
37629,75Sig Gem,115.828005,28.88351,4.23
37648,1    Pup,115.884945,-28.410885,4.63
37677,3    Pup,115.951950,-28.954826,3.94
37740,77Kap Gem,116.111895,24.397993,3.57
37819,HIP37819,116.313735,-37.968584,3.62
37826,Pollux,116.329155,28.026199,1.16
37908,81    Gem,116.531040,18.510043,4.89
38070,Omi Pup,117.021540,-25.937169,4.40
38089,HIP38089,117.084120,-47.077722,4.69
38164,HIP38164,117.309570,-46.373205,4.10
38170,Azmidi,117.323565,-24.859786,3.34
38414,HIP38414,118.054320,-40.575786,3.71
38455,HIP38455,118.161030,-38.862812,4.49
38500,HIP38500,118.265160,-49.613044,4.63
38518,HIP38518,118.325670,-48.102934,4.22
38538,83Phi Gem,118.374240,26.765783,4.97
38827,Chi Car,119.194695,-52.98236,3.46
38835,11    Pup,119.214750,-22.880119,4.20
38901,HIP38901,119.417115,-30.33457,4.76
38957,HIP38957,119.560170,-49.244912,4.47
39079,27    Mon,119.933970,-3.679583,4.93
39095,HIP39095,119.966880,-18.399228,4.61
39138,HIP39138,120.083205,-63.567456,4.81
39211,28    Mon,120.305565,-1.392608,4.69
39311,HIP39311,120.566400,2.334571,4.39
39424,Chi Gem,120.879510,27.794332,4.94
39429,Naos,120.896055,-40.003148,2.21
39757,Tureis,121.886055,-24.304324,2.83
39794,Eps Vol,121.982595,-68.617062,4.35
39847,27    Lyn,122.114445,51.50667,4.78
39863,29Zet Mon,122.148540,-2.983786,4.36
39903,HIP39903,122.253195,-61.302429,4.74
39906,16    Pup,122.256825,-19.245014,4.40
39953,Gam2Vel,122.383140,-47.336588,1.75
40084,19    Pup,122.817945,-12.926999,4.72
40091,HIP40091,122.839560,-39.618545,4.44
40096,HIP40096,122.857890,-42.987278,4.73
40167,Tegmine,123.053025,17.647771,4.67
40259,20    Pup,123.333195,-15.788221,4.99
40274,HIP40274,123.372990,-35.899518,4.78
40326,HIP40326,123.512145,-40.34789,4.42
40526,Tarf,124.128840,9.185545,3.53
40702,Alp Cha,124.630545,-76.919722,4.05
40706,HIP40706,124.638870,-36.659288,4.44
40888,The Cha,125.161725,-77.484477,4.34
40945,HIP40945,125.345955,-33.054366,4.83
41037,Avior,125.628540,-59.509483,1.86
41039,HIP41039,125.632065,-48.490381,4.79
41075,Alsciaukat,125.708820,43.188131,4.25
41307,HIP41307,126.415140,-3.906424,3.91
41312,Bet Vol,126.434265,-66.13689,3.77
41704,Muscida,127.566465,60.718169,3.35
42134,HIP42134,128.832000,-58.009228,4.84
42312,HIP42312,129.410985,-42.989081,4.11
42313,4Del Hya,129.414030,5.703782,4.14
42402,Minchir,129.689325,3.341435,4.45
42483,Zet Pyx,129.926985,-29.561084,4.86
42509,6    Hya,130.006140,-12.475372,4.98
42515,Bet Pyx,130.025595,-35.308352,3.97
42527,4Pi 2UMa,130.053600,64.327936,4.59
42536,HIP42536,130.073310,-52.921887,3.60
42568,HIP42568,130.154295,-59.761003,4.31
42570,HIP42570,130.156545,-46.648744,3.77
42624,HIP42624,130.304730,-47.317125,4.74
42662,9    Hya,130.430565,-15.943384,4.87
42726,HIP42726,130.605810,-53.113984,4.83
42799,7Eta Hya,130.806150,3.398662,4.30
42806,Asellus Borealis,130.821465,21.468501,4.66
42828,Alp Pyx,130.898085,-33.186385,3.68
42835,HIP42835,130.918230,-7.23373,4.63
42884,HIP42884,131.099805,-42.649276,4.05
42911,Asellus Australis,131.171250,18.154309,3.94
42913,Alsephina,131.175885,-54.708821,1.93
43023,HIP43023,131.506860,-46.041527,3.87
43067,12    Hya,131.593905,-13.54772,4.32
43103,48Iot Cnc,131.674260,28.759898,4.03
43105,HIP43105,131.677305,-56.769776,4.50
43109,Ashlesha,131.693805,6.418809,3.38
43234,13Rho Hya,132.108210,5.837812,4.35
43347,HIP43347,132.448500,-45.307875,4.94
43409,Gam Pyx,132.633060,-27.709844,4.02
43783,HIP43783,133.761855,-60.644609,3.84
43813,16Zet Hya,133.848450,5.945563,3.11
43825,Del Pyx,133.881510,-27.681871,4.87
43878,HIP43878,134.080290,-52.723475,4.68
43937,HIP43937,134.243430,-59.229338,4.93
44066,Acubens,134.621760,11.857701,4.26
44127,Talitha,134.802420,48.041826,3.12
44191,HIP44191,135.022575,-41.253605,4.45
44248,HIP44248,135.160275,41.782911,3.96
44382,Alp Vol,135.611655,-66.396076,4.00
44390,8Rho UMa,135.636300,67.629619,4.74
44471,Alkaphrah,135.906405,47.156525,3.57
44511,HIP44511,136.038720,-47.097737,3.75
44599,HIP44599,136.286775,-72.602705,4.47
44626,HIP44626,136.409910,-70.538497,4.66
44659,18Ome Hya,136.493190,5.092316,4.99
44700,HIP44700,136.632375,38.452215,4.56
44816,Suhail,136.999020,-43.432589,2.23
44824,Kap Pyx,137.011995,-25.858536,4.62
44901,15    UMa,137.217945,51.604648,4.46
45038,13Sig2UMa,137.598060,67.134018,4.80
45075,14Tau UMa,137.729115,63.513633,4.67
45080,HIP45080,137.742060,-58.966896,3.43
45085,HIP45085,137.768340,-44.867902,4.99
45101,HIP45101,137.819775,-62.316977,3.96
45238,Miaplacidus,138.300615,-69.717208,1.67
45336,22The Hya,138.591075,2.31428,3.89
45439,HIP45439,138.903000,-38.569942,4.92
45448,HIP45448,138.937830,-37.413144,4.63
45493,18    UMa,139.047120,54.021857,4.80
45496,HIP45496,139.050360,-57.541473,4.34
45556,Aspidiske,139.272570,-59.275229,2.21
45688,38    Lyn,139.711035,36.802597,3.82
45751,26    Hya,139.943265,-11.974853,4.77
45811,27    Hya,140.120910,-9.555695,4.80
45856,HIP45856,140.236755,-62.404632,4.79
45860,40Alp Lyn,140.263875,34.392562,3.14
45902,The Pyx,140.373300,-25.965439,4.71
45941,Markeb,140.528430,-55.010668,2.47
46026,Lam Pyx,140.801085,-28.833873,4.71
46146,1Kap Leo,141.163590,26.182324,4.47
46371,HIP46371,141.826650,-22.343783,4.72
46390,Alphard,141.896850,-8.658603,1.99
46509,31Tau1Hya,142.287075,-2.768964,4.59
46515,Eps Ant,142.311345,-35.951335,4.51
46651,Psi Vel,142.675110,-40.466769,3.60
46701,HIP46701,142.805565,-57.034377,3.16
46733,23    UMa,142.881795,63.061861,3.65
46750,Alterf,142.930125,22.967971,4.32
46771,5Xi  Leo,142.986420,11.299827,4.99
46776,32Tau2Hya,142.995540,-1.184664,4.54
46853,25The UMa,143.215725,51.6773,3.17
46952,10    LMi,143.555760,36.397558,4.54
46974,HIP46974,143.611065,-59.229753,4.08
46977,24    UMa,143.620545,69.830343,4.54
47006,26    UMa,143.706075,52.051477,4.47
47029,HIP47029,143.765985,39.621493,4.81
47175,HIP47175,144.206580,-49.355026,4.34
47193,HIP47193,144.272265,81.326382,4.28
47310,HIP47310,144.613695,4.649293,4.68
47391,HIP47391,144.837585,-61.32806,4.51
47431,Ukdah,144.964005,-1.14281,3.90
47508,Subra,145.287645,9.892308,3.52
47522,HIP47522,145.320870,-23.591514,4.76
47592,HIP47592,145.560165,-23.915569,4.93
47758,The Ant,146.050410,-27.769471,4.78
47854,HIP47854,146.311755,-62.507903,3.69
47908,Ras Elased Australis,146.462820,23.774255,2.97
48002,Ups Car,146.775540,-65.072007,2.92
48319,29Ups UMa,147.748005,59.038735,3.78
48356,Zhang,147.869550,-14.846603,4.11
48374,HIP48374,147.919470,-46.54762,4.58
48402,30Phi UMa,148.026495,54.064332,4.55
48455,Rasalas,148.190970,26.006951,3.88
48559,HIP48559,148.551375,-25.932345,4.87
48615,Felis,148.717545,-19.00936,4.94
48774,Phi Vel,149.215620,-54.56779,3.52
49029,29Pi  Leo,150.053355,8.044223,4.68
49402,40Ups2Hya,151.281120,-13.064626,4.60
49583,30Eta Leo,151.833135,16.762664,3.48
49593,21    LMi,151.857315,35.244693,4.49
49637,31    Leo,151.976130,9.997508,4.39
49641,15Alp Sex,151.984500,-0.371637,4.48
49669,Regulus,152.092980,11.967207,1.36
49712,HIP49712,152.234355,-51.811261,4.85
49841,41Lam Hya,152.647005,-12.354083,3.61
50099,Ome Car,153.434415,-70.037903,3.29
50191,HIP50191,153.684105,-42.121942,3.85
50335,Adhafera,154.172565,23.417311,3.43
50371,HIP50371,154.270800,-61.332304,3.39
50372,Tania Borealis,154.274280,42.914365,3.45
50555,HIP50555,154.903155,-55.029305,4.59
50564,40    Leo,154.934070,19.470914,4.78
50583,Algieba,154.993095,19.841489,2.01
50676,HIP50676,155.228355,-56.04322,4.50
50799,HIP50799,155.581620,-41.64996,4.82
50801,Tania Australis,155.582325,41.499516,3.06
50847,HIP50847,155.742360,-66.901498,4.97
50933,HIP50933,156.032730,65.566423,4.94
50954,HIP50954,156.098880,-74.031612,3.99
51056,30    LMi,156.478425,33.79612,4.72
51069,42Mu  Hya,156.522630,-16.83629,3.83
51172,Alp Ant,156.787950,-31.067779,4.28
51192,HIP51192,156.851970,-57.638805,4.65
51232,HIP51232,156.969735,-58.739403,3.81
51233,31Bet LMi,156.970905,36.707212,4.20
51438,HIP51438,157.583715,-71.992793,4.72
51459,36    UMa,157.656915,55.980536,4.82
51495,HIP51495,157.758630,-73.22149,4.94
51523,HIP51523,157.841625,-53.715484,4.89
51576,HIP51576,158.006145,-61.685332,3.30
51624,47Rho Leo,158.202795,9.306586,3.84
51658,HIP51658,158.307975,40.42556,4.72
51808,HIP51808,158.773170,75.712948,4.86
51839,Gam Cha,158.867490,-78.607786,4.11
51849,HIP51849,158.897100,-57.557636,4.45
51979,HIP51979,159.307215,-27.412634,4.87
51986,HIP51986,159.325755,-48.22562,3.84
52009,HIP52009,159.388635,-13.384543,4.89
52085,Phi3Hya,159.645645,-16.876572,4.91
52098,37    LMi,159.680055,31.976237,4.68
52102,HIP52102,159.687510,-59.182997,4.69
52154,HIP52154,159.826680,-55.603268,4.29
52370,HIP52370,160.558890,-64.466426,4.76
52419,The Car,160.739235,-64.39445,2.74
52468,HIP52468,160.884585,-60.566619,4.58
52502,HIP52502,161.028870,-63.961072,4.80
52633,Del2Cha,161.446305,-80.540188,4.45
52727,Mu  Vel,161.692320,-49.420255,2.69
52736,HIP52736,161.713470,-64.383474,4.87
52943,Nu  Hya,162.406185,-16.193648,3.11
53229,Praecipua,163.327890,34.214871,3.79
53253,HIP53253,163.373385,-58.853171,3.78
53295,45Ome UMa,163.494720,43.189956,4.66
53417,54    Leo,163.903350,24.749718,4.30
53502,Iot Ant,164.179335,-37.137765,4.60
53740,Alkes,164.943660,-18.298783,4.08
53773,HIP53773,165.038580,-42.225859,4.37
53807,58    Leo,165.140205,3.617494,4.84
53824,59    Leo,165.186675,6.101449,4.98
53907,61    Leo,165.456975,-2.484585,4.73
53910,Merak,165.460155,56.382427,2.34
53954,60    Leo,165.582405,20.179842,4.42
54061,Dubhe,165.932325,61.751033,1.81
54182,63Chi Leo,166.254285,7.336007,4.62
54204,Chi1Hya,166.333005,-27.293612,4.92
54301,HIP54301,166.635225,-62.424113,4.62
54463,HIP54463,167.147475,-58.975037,3.93
54539,52Psi UMa,167.415930,44.498487,3.00
54682,11Bet Crt,167.914530,-22.825847,4.46
54751,HIP54751,168.150075,-60.317625,4.59
54872,Zosma,168.527070,20.523717,2.56
54879,Chertan,168.560025,15.42957,3.33
54951,72    Leo,168.800955,23.095502,4.56
55084,74Phi Leo,169.165425,-3.651601,4.45
55219,Alula Borealis,169.619745,33.094306,3.49
55266,55    UMa,169.782960,38.185557,4.76
55282,12Del Crt,169.835205,-14.778541,3.56
55425,Pi  Cen,170.251755,-54.491019,3.90
55434,77Sig Leo,170.284140,6.029322,4.05
55560,56    UMa,170.706630,43.482703,4.99
55642,78Iot Leo,170.981040,10.529509,4.00
55687,14Eps Crt,171.152460,-10.859323,4.81
55705,15Gam Crt,171.220530,-17.68401,4.06
55945,84Tau Leo,171.984330,2.856265,4.95
56127,87    Leo,172.578720,-3.003501,4.77
56211,Giausar,172.851105,69.331076,3.82
56280,HIP56280,173.068350,-29.261022,4.93
56343,Xi  Hya,173.250570,-31.857625,3.54
56480,HIP56480,173.690325,-54.264091,4.62
56561,Lam Cen,173.945445,-63.019841,3.11
56633,21The Crt,174.170475,-9.802247,4.70
56647,91Ups Leo,174.237210,-0.823749,4.30
56922,Omi Hya,175.053315,-34.74466,4.70
56986,HIP56986,175.223520,-62.090101,4.93
57283,27Zet Crt,176.190735,-18.350674,4.71
57328,2Xi  Vir,176.320995,8.258119,4.84
57363,Lam Mus,176.402115,-66.728763,3.63
57380,3Nu  Vir,176.464830,6.529376,4.04
57399,Taiyangshou,176.512725,47.779406,3.69
57439,HIP57439,176.628480,-61.178398,4.11
57443,HIP57443,176.630640,-40.500354,4.89
57565,93    Leo,176.996430,20.218931,4.50
57581,Mu  Mus,177.060450,-66.81491,4.75
57632,Denebola,177.264945,14.57206,2.14
57669,HIP57669,177.421155,-63.788478,4.30
57696,HIP57696,177.485925,-70.22579,4.98
57757,Zavijava,177.673830,1.764718,3.59
57803,HIP57803,177.786285,-45.17347,4.47
57851,HIP57851,177.963555,-65.20591,4.89
57936,Bet Hya,178.227195,-33.908124,4.29
58001,Phecda,178.457520,53.69476,2.41
58484,Eps Cha,179.906940,-78.221839,4.88
58590,8Pi  Vir,180.218295,6.614322,4.65
58758,The1Cru,180.756705,-63.31293,4.32
58867,The2Cru,181.080120,-63.165711,4.72
58948,9Omi Vir,181.302255,8.732985,4.12
59072,Eta Cru,181.720305,-64.61373,4.14
59173,HIP59173,182.021820,-50.661278,4.46
59196,Del Cen,182.089650,-50.722425,2.58
59199,Alchiba,182.103375,-24.728875,4.02
59316,2Eps Crv,182.531190,-22.619766,3.02
59449,Rho Cen,182.913030,-52.36846,3.97
59747,Imai,183.786405,-58.748928,2.79
59774,Megrez,183.856290,57.032617,3.32
59803,Gienah,183.951555,-17.541929,2.58
59847,7    Com,184.085580,23.945409,4.93
59856,HIP59856,184.125600,33.061527,4.99
59929,Eps Mus,184.393755,-67.960736,4.06
60000,Bet Cha,184.587180,-79.31224,4.24
60009,Zet Cru,184.609470,-64.003071,4.06
60129,Zaniah,184.976490,-0.666803,3.89
60172,16    Vir,185.087415,3.312574,4.97
60202,11    Com,185.179290,17.792868,4.72
60260,Ginan,185.340465,-60.401147,3.59
60351,12    Com,185.626305,25.84616,4.78
60485,5    CVn,186.006210,51.562257,4.76
60697,14    Com,186.600270,27.268237,4.92
60710,HIP60710,186.632370,-51.450635,4.82
60718,Acrux,186.649665,-63.099092,0.77
60742,15Gam Com,186.734490,28.268423,4.35
60746,16    Com,186.747075,26.825699,4.98
60823,Sig Cen,187.009965,-50.230635,3.91
60965,Algorab,187.466085,-16.515432,2.94
61084,Gacrux,187.791435,-57.113212,1.59
61174,8Eta Crv,188.017650,-16.196007,4.30
61199,Gam Mus,188.117010,-72.132988,3.84
61281,5Kap Dra,188.370870,69.788238,3.85
61317,Chara,188.436165,41.35748,4.24
61359,Kraz,188.596815,-23.396759,2.65
61384,6    Dra,188.683530,70.02177,4.95
61394,23    Com,188.712855,22.629259,4.80
61585,Alp Mus,189.296085,-69.135564,2.69
61622,Tau Cen,189.425910,-48.541304,3.85
61740,26Chi Vir,189.811530,-7.995564,4.66
61789,HIP61789,189.968910,-39.987302,4.63
61932,Gam Cen,190.379565,-48.959888,2.20
61941,Porrima,190.415175,-1.449375,2.74
61960,30Rho Vir,190.471065,10.235625,4.88
61966,HIP61966,190.485765,-59.685819,4.91
62012,HIP62012,190.647870,-48.813109,4.66
62268,Iot Cru,191.408250,-60.981318,4.69
62322,Bet Mus,191.570190,-68.108119,3.04
62327,HIP62327,191.594715,-56.488815,4.62
62434,Mimosa,191.930385,-59.688764,1.25
62683,HIP62683,192.671535,-33.999302,4.90
62763,31    Com,192.924675,27.540712,4.93
62867,HIP62867,193.278870,-48.943315,4.33
62886,35    Com,193.323945,21.244943,4.89
62896,HIP62896,193.359105,-40.178872,4.25
62956,Alioth,193.507080,55.959821,1.76
62985,40Psi Vir,193.588185,-9.538994,4.77
63003,Mu 1Cru,193.648500,-57.177924,4.03
63007,Lam Cru,193.663335,-59.146701,4.62
63090,Minelauva,193.900875,3.39747,3.39
63125,Cor Caroli,194.007105,38.31838,2.89
63355,36    Com,194.731020,17.409446,4.76
63462,37    Com,195.068640,30.785021,4.88
63503,78    UMa,195.181875,56.366338,4.93
63608,Vindemiatrix,195.544170,10.95915,2.85
63613,Del Mus,195.566385,-71.548855,3.61
63724,Xi 1Cen,195.888840,-49.527264,4.83
63945,HIP63945,196.569630,-48.463289,4.71
64004,Xi 2Cen,196.727700,-49.906246,4.27
64022,41    Com,196.794690,27.624741,4.80
64166,45Psi Hya,197.263635,-23.11807,4.94
64238,51The Vir,197.487465,-5.53901,4.38
64241,Diadem,197.497035,17.529431,4.32
64394,43Bet Com,197.968560,27.878183,4.23
64408,HIP64408,198.013515,-37.803022,4.85
64425,HIP64425,198.073380,-59.920579,4.58
64540,HIP64540,198.428955,40.152885,4.94
64583,HIP64583,198.563670,-59.103235,4.90
64661,Eta Mus,198.812400,-67.894589,4.79
64820,HIP64820,199.304280,-66.783438,4.86
64844,20    CVn,199.385685,40.572608,4.72
64852,60Sig Vir,199.401180,5.469869,4.78
64924,61    Vir,199.601445,-18.311196,4.74
64962,46Gam Hya,199.730385,-23.171512,2.99
65109,Iot Cen,200.149440,-36.712295,2.75
65271,HIP65271,200.658165,-60.988393,4.52
65378,Mizar,200.981205,54.925362,2.23
65387,HIP65387,201.001920,-64.535668,4.52
65474,Spica,201.298245,-11.161322,0.98
65477,Alcor,201.306195,54.987958,3.99
65639,69    Vir,201.863190,-15.973578,4.76
65721,70    Vir,202.107555,13.778787,4.97
65936,HIP65936,202.761075,-39.407307,3.90
66006,74    Vir,202.991190,-6.255816,4.68
66200,78    Vir,203.533050,3.658967,4.92
66234,24    CVn,203.613750,49.015973,4.68
66249,Heze,203.673300,-0.59582,3.38
66257,HIP66257,203.699145,37.182415,4.91
66458,25    CVn,204.365175,36.294898,4.82
66657,Eps Cen,204.971940,-53.466394,2.29
66738,83    UMa,205.184505,54.681634,4.63
66821,HIP66821,205.436625,-54.559425,4.99
67153,1    Cen,206.422065,-33.043721,4.23
67234,HIP67234,206.664060,-51.432766,4.64
67275,4Tau Boo,206.815650,17.456906,4.50
67301,Alkaid,206.885310,49.313265,1.85
67457,2    Cen,207.361365,-34.450776,4.19
67459,5Ups Boo,207.369345,15.797905,4.05
67464,Nu  Cen,207.376170,-41.687709,3.41
67472,Mu  Cen,207.404145,-42.473732,3.47
67480,6    Boo,207.428460,21.264105,4.92
67494,89    Vir,207.467865,-18.134168,4.96
67627,10    Dra,207.858075,64.723272,4.58
67665,HIP67665,207.947820,34.44424,4.76
67669,3    Cen,207.956685,-32.994089,4.32
67786,4    Cen,208.302255,-31.927612,4.75
67927,Muphrid,208.671165,18.397717,2.68
68002,Zet Cen,208.885005,-47.288375,2.55
68191,HIP68191,209.412135,-63.686696,4.71
68245,Phi Cen,209.567790,-42.100753,3.83
68282,Ups1Cen,209.669805,-44.803584,3.87
68520,93Tau Vir,210.411645,1.544532,4.23
68523,Ups2Cen,210.431220,-45.603421,4.34
68702,Hadar,210.955935,-60.373039,0.61
68756,Thuban,211.097475,64.37585,3.67
68862,Chi Cen,211.511550,-41.179633,4.36
68895,49Pi  Hya,211.592895,-26.682361,3.25
68933,Menkent,211.670925,-36.369954,2.06
69112,4    UMi,212.212470,77.547514,4.80
69191,HIP69191,212.478630,-53.438946,4.74
69226,12    Boo,212.599725,25.091677,4.82
69269,HIP69269,212.710350,-16.30203,4.93
69389,HIP69389,213.065850,2.409433,4.99
69427,Kang,213.223935,-10.273702,4.18
69483,17Kap2Boo,213.370770,51.789965,4.53
69673,Arcturus,213.915450,19.18241,-0.05
69701,Syrma,214.003620,-6.000547,4.07
69713,21Iot Boo,214.041585,51.367231,4.75
69732,Xuange,214.096110,46.088305,4.18
69879,HIP69879,214.499250,35.509505,4.80
69896,Eta Aps,214.558155,-81.00776,4.89
69974,Khambalia,214.777470,-13.371095,4.52
69996,Iot Lup,214.850940,-46.058093,3.55
70027,20    Boo,214.938495,16.306948,4.84
70069,HIP70069,215.081445,-56.386497,4.30
70090,Psi Cen,215.139345,-37.885295,4.05
70104,HIP70104,215.177385,-45.18706,4.78
70264,HIP70264,215.654565,-58.459117,4.76
70300,HIP70300,215.759340,-39.511819,4.41
70306,51    Hya,215.774130,-27.754017,4.78
70327,HIP70327,215.844570,8.446617,4.86
70497,23The Boo,216.299505,51.850744,4.04
70574,Tau1Lup,216.534285,-45.221424,4.56
70576,Tau2Lup,216.545040,-45.379276,4.33
70638,Del Oct,216.732015,-83.667884,4.31
70692,5    UMi,216.881370,75.695993,4.25
70753,52    Hya,217.043460,-29.491638,4.97
70755,Elgafar,217.050570,-2.227957,4.81
71053,25Rho Boo,217.957500,30.371437,3.57
71075,Seginus,218.019540,38.308253,3.04
71121,Sig Lup,218.154435,-50.457157,4.44
71284,28Sig Boo,218.670000,29.74513,4.47
71352,Eta Cen,218.876790,-42.157824,2.33
71536,Rho Lup,219.471810,-49.425828,4.05
71681,Toliman,219.905190,-60.8383,1.35
71683,Rigil Kentaurus,219.911475,-60.833976,-0.01
71762,29Pi 1Boo,220.181520,16.418324,4.49
71795,30Zet Boo,220.287300,13.7283,3.78
71832,31    Boo,220.411455,8.161764,4.86
71860,Alp Lup,220.482345,-47.3882,2.30
71865,HIP71865,220.489980,-37.793498,4.01
71908,Alp Cir,220.627380,-64.975138,3.18
71957,107Mu  Vir,220.765095,-5.658207,3.87
71995,34    Boo,220.855680,26.52785,4.80
72010,HIP72010,220.914360,-35.173655,4.06
72104,HIP72104,221.246670,-35.191826,4.92
72105,Izar,221.246760,27.074222,2.35
72125,35Omi Boo,221.310255,16.96428,4.60
72220,109    Vir,221.562180,1.892885,3.73
72370,Alp Aps,221.965515,-79.044751,3.83
72571,58    Hya,222.572205,-27.960371,4.42
72607,Kochab,222.676575,74.155505,2.07
72622,Zubenelgenubi,222.719655,-16.041778,2.75
72631,11    Lib,222.754470,-2.29915,4.93
72659,37Xi  Boo,222.847395,19.10046,4.54
72683,Omi Lup,222.909615,-43.575359,4.32
73165,16    Lib,224.295825,-4.346462,4.47
73199,HIP73199,224.396145,65.93246,4.63
73273,Bet Lup,224.633055,-43.13396,2.68
73334,Kap Cen,224.790375,-42.104194,3.13
73473,19Del Lib,225.243120,-8.518943,4.91
73555,Nekkar,225.486540,40.390566,3.49
73568,41Ome Boo,225.527115,25.008138,4.80
73620,110    Vir,225.725160,2.091303,4.39
73695,44    Boo,225.947610,47.65406,4.83
73714,Brachium,226.017585,-25.281965,3.25
73745,43Psi Boo,226.111470,26.947649,4.52
73807,Pi  Lup,226.279545,-47.051245,3.91
73996,45    Boo,226.825230,24.869195,4.93
74117,Lam Lup,227.210910,-45.279857,4.07
74376,Kap1Lup,227.983770,-48.737819,3.88
74392,24Iot1Lib,228.055380,-19.79171,4.54
74395,Zet Lup,228.071400,-52.099247,3.41
74449,HIP74449,228.206640,-44.500414,4.83
74604,1    Lup,228.655500,-31.519121,4.91
74666,49Del Boo,228.875640,33.314833,3.46
74785,Zubeneschamali,229.251735,-9.382917,2.61
74824,Bet Cir,229.378755,-58.801208,4.07
74837,Eps Cir,229.412040,-63.610465,4.85
74857,2    Lup,229.457670,-30.148673,4.35
74911,Mu  Lup,229.633455,-47.875272,4.27
74946,Gam TrA,229.727715,-68.679545,2.87
75097,Pherkad,230.182245,71.834016,3.00
75141,Del Lup,230.343015,-40.647518,3.22
75177,Phi1Lup,230.451600,-36.261376,3.57
75206,Nu 1Lup,230.534625,-47.927792,4.99
75264,Eps Lup,230.670315,-44.689622,3.37
75304,Phi2Lup,230.788965,-36.858489,4.54
75312,2Eta CrB,230.801250,30.287812,4.99
75323,Gam Cir,230.844375,-59.320787,4.48
75379,31Eps Lib,231.049545,-10.322266,4.92
75411,Alkalurops,231.122715,37.377167,4.31
75458,Edasich,231.232410,58.966065,3.29
75501,HIP75501,231.334275,-38.73362,4.60
75695,Nusakan,231.957270,29.105703,3.66
76041,53Nu 2Boo,232.945770,40.899332,4.98
76127,4The CrB,233.232435,31.359133,4.14
76219,37    Lib,233.544570,-10.064529,4.61
76267,Alphecca,233.671920,26.714693,2.22
76276,13Del Ser,233.700615,10.538867,3.80
76297,Gam Lup,233.785215,-41.166757,2.80
76333,Zubenelhakrabi,233.881575,-14.789537,3.91
76371,HIP76371,233.971890,-44.958389,4.55
76440,Eps TrA,234.180000,-66.317037,4.11
76470,39Ups Lib,234.256050,-28.135079,3.60
76552,Ome Lup,234.513480,-42.567348,4.34
76600,40Tau Lib,234.664050,-29.777754,3.66
76669,7Zet1CrB,234.844485,36.635812,4.64
76705,3Psi1Lup,234.941580,-34.411926,4.66
76742,42    Lib,235.070400,-23.818078,4.97
76829,HIP76829,235.297575,-44.661205,4.64
76852,21Iot Ser,235.387740,19.670401,4.51
76880,43Kap Lib,235.486665,-19.678828,4.75
76945,4Psi2Lup,235.670925,-34.710407,4.75
76952,8Gam CrB,235.685715,26.295637,3.81
77055,16Zet UMi,236.014485,77.794493,4.29
77070,Unukalhai,236.066970,6.425627,2.63
77233,28Bet Ser,236.546895,15.421826,3.65
77257,27Lam Ser,236.610900,7.353073,4.42
77450,Gudja,237.184905,18.141564,4.09
77512,10Del CrB,237.398550,26.068394,4.59
77516,32Mu  Ser,237.405030,-3.430208,3.54
77622,37Eps Ser,237.704025,4.47773,3.71
77634,5Chi Lup,237.739740,-33.627165,3.97
77635,1    Sco,237.744780,-25.751295,4.63
77655,11Kap CrB,237.808050,35.657382,4.79
77661,38Rho Ser,237.816300,20.977919,4.74
77760,1Chi Her,238.168545,42.451518,4.60
77840,2    Sco,238.402995,-25.327142,4.59
77853,46The Lib,238.456395,-16.729293,4.13
77952,Bet TrA,238.786245,-63.430727,2.83
78072,41Gam Ser,239.113230,15.661617,3.85
78104,Iklil,239.221155,-29.214073,3.87
78159,13Eps CrB,239.396910,26.87788,4.14
78180,HIP78180,239.447940,54.749762,4.96
78207,48    Lib,239.547375,-14.279358,4.95
78265,Fang,239.712975,-26.114105,2.89
78323,HIP78323,239.876145,-41.744436,4.99
78384,Eta Lup,240.030540,-38.396706,3.42
78401,Dschubba,240.083355,-22.62171,2.29
78493,14Iot CrB,240.360705,29.851061,4.98
78527,13The Dra,240.472980,58.565251,4.01
78554,44Pi  Ser,240.573720,22.804454,4.82
78592,6Ups Her,240.699510,46.036705,4.72
78639,Eta Nor,240.803685,-49.229695,4.65
78650,HIP78650,240.835950,-25.86524,4.96
78655,HIP78655,240.850800,-38.602541,4.90
78662,Iot1Nor,240.883965,-57.775064,4.63
78820,Acrab,241.359300,-19.805453,2.56
78821,8Bet2Sco,241.360650,-19.80186,4.90
78914,Del Nor,241.622640,-45.173185,4.73
78918,The Lup,241.648110,-36.802288,4.22
78933,9Ome1Sco,241.701780,-20.669192,3.93
78990,10Ome2Sco,241.851360,-20.868764,4.31
79101,11Phi Her,242.192430,44.934906,4.23
79119,16Tau CrB,242.242935,36.490944,4.73
79374,Jabbah,242.998890,-19.460708,4.00
79375,15Psi Sco,242.999955,-10.064253,4.93
79404,13    Sco,243.075855,-27.926372,4.58
79509,Kap Nor,243.369720,-54.630467,4.95
79593,Yed Prior,243.586410,-3.694323,2.73
79664,Del TrA,243.859455,-63.685682,3.86
79790,Gam1Nor,244.253895,-50.068122,4.97
79822,21Eta UMi,244.376865,75.75533,4.95
79881,HIP79881,244.574595,-28.61402,4.80
79882,Yed Posterior,244.580370,-4.692511,3.23
79992,22Tau Her,244.935165,46.313366,3.91
80000,Gam2Nor,244.960305,-50.155508,4.01
80047,Del1Aps,245.086785,-78.695745,4.68
80079,19Omi Sco,245.159085,-24.16932,4.55
80112,Alniyat,245.297145,-25.592796,2.90
80170,20Gam Her,245.480070,19.15313,3.74
80179,50Sig Ser,245.518125,1.029039,4.82
80181,19Xi  CrB,245.524305,30.891996,4.86
80331,Athebyne,245.997900,61.514213,2.73
80343,4Psi Oph,246.025770,-20.037327,4.48
80463,Cujam,246.353970,14.03327,4.57
80473,5Rho Oph,246.396330,-23.447178,4.57
80569,7Chi Oph,246.755985,-18.456251,4.22
80582,Eps Nor,246.796005,-47.554786,4.46
80628,3Ups Oph,246.950775,-8.371731,4.62
80650,15    Dra,246.996000,68.768137,4.94
80686,Zet TrA,247.116330,-70.084401,4.90
80704,30    Her,247.160595,41.881677,4.83
80763,Antares,247.351920,-26.432002,1.06
80815,22    Sco,247.551990,-25.115224,4.79
80816,Kornephoros,247.555020,21.489613,2.78
80883,Marfik,247.728435,1.983923,3.82
80894,8Phi Oph,247.784865,-16.612733,4.29
80911,HIP80911,247.845555,-34.704366,4.24
80975,9Ome Oph,248.034165,-21.46639,4.45
81008,29    Her,248.151225,11.488041,4.84
81065,Gam Aps,248.364135,-78.897148,3.86
81122,Mu  Nor,248.520915,-44.045315,4.86
81126,35Sig Her,248.525760,42.437041,4.20
81266,Paikauhale,248.970645,-28.216016,2.82
81304,HIP81304,249.093630,-35.255326,4.18
81377,13Zet Oph,249.289740,-10.56709,2.54
81497,42    Her,249.686910,48.928342,4.86
81660,18    Dra,250.229670,64.589046,4.84
81693,40Zet Her,250.321695,31.602726,2.81
81724,HIP81724,250.393260,-17.742167,4.91
81833,44Eta Her,250.723995,38.922254,3.48
81852,Bet Aps,250.771890,-77.517435,4.23
82020,HIP82020,251.324190,56.781857,4.84
82080,22Eps UMi,251.492385,82.037262,4.21
82273,Atria,252.166155,-69.027715,1.91
82321,52    Her,252.309225,45.983323,4.82
82363,Eta Ara,252.446400,-59.041378,3.77
82369,20    Oph,252.458445,-10.783,4.64
82396,Larawag,252.541200,-34.293232,2.29
82514,Xamidimura,252.967635,-38.04738,3.00
82545,Pipirima,253.083945,-38.017536,3.56
82671,Zet1Sco,253.498860,-42.362025,4.70
82673,25Iot Oph,253.501965,10.165359,4.39
82729,Zet2Sco,253.645965,-42.361313,3.62
82860,19    Dra,254.006250,65.134796,4.88
83000,27Kap Oph,254.417085,9.375033,3.19
83081,Zet Ara,254.655090,-55.990141,3.12
83153,Eps1Ara,254.896035,-53.160438,4.06
83207,58Eps Her,255.072405,30.926405,3.92
83262,30    Oph,255.265005,-4.222644,4.82
83430,HIP83430,255.782790,14.091947,4.97
83574,HIP83574,256.205640,-34.12293,4.83
83608,21Mu  Dra,256.333935,54.470042,4.91
83613,60    Her,256.344540,12.740828,4.89
83895,Aldhibah,257.196720,65.714683,3.17
84012,Sabik,257.594520,-15.72491,2.43
84143,Eta Sco,258.038280,-43.239189,3.32
84345,Rasalgethi,258.661905,14.390333,2.78
84379,Sarin,258.757965,24.839204,3.12
84380,67Pi  Her,258.761820,36.809162,3.16
84405,Guniibuu,258.837540,-26.602829,4.33
84514,41    Oph,259.152855,-0.445297,4.72
84573,68    Her,259.331535,33.1001,4.80
84606,69    Her,259.417755,37.291498,4.64
84880,53Nu  Ser,260.206920,-12.846875,4.32
84893,40Xi  Oph,260.251515,-21.112933,4.39
84969,Zet Aps,260.497965,-67.770668,4.76
84970,42The Oph,260.502405,-24.999545,3.27
85112,75Rho Her,260.920620,37.145946,4.15
85258,Bet Ara,261.324975,-55.529884,2.84
85267,Gam Ara,261.348585,-56.377727,3.31
85340,44    Oph,261.592560,-24.175309,4.16
85355,49Sig Oph,261.628665,4.14036,4.34
85365,HIP85365,261.657840,-5.086596,4.53
85423,45    Oph,261.838635,-29.867033,4.28
85670,Rastaban,262.608195,52.301387,2.79
85693,Maasym,262.684620,26.110645,4.41
85696,Lesath,262.690980,-37.295811,2.70
85727,Del Ara,262.774770,-60.683848,3.60
85755,51    Oph,262.853970,-23.962643,4.78
85792,Alp Ara,262.960425,-49.876145,2.84
85819,24Nu 1Dra,263.043765,55.184243,4.89
85822,Yildun,263.053770,86.58646,4.35
85829,25Nu 2Dra,263.066505,55.172958,4.86
85927,Shaula,263.402175,-37.103821,1.62
86032,Rasalhague,263.733615,12.560035,2.08
86092,1Sig Ara,263.914980,-46.505684,4.56
86170,HIP86170,264.136815,-38.635308,4.26
86201,28Ome Dra,264.237885,68.75797,4.77
86228,Sargas,264.329700,-42.997824,1.86
86263,55Xi  Ser,264.396675,-15.398557,3.54
86284,57Mu  Oph,264.461310,-8.118771,4.58
86414,85Iot Her,264.866205,46.006332,3.82
86486,Lam Ara,265.099140,-49.415587,4.76
86565,56Omi Ser,265.353645,-12.875307,4.24
86614,Dziban,265.484670,72.148843,4.57
86670,Kap Sco,265.621980,-39.029983,2.39
86736,58    Oph,265.857495,-21.683194,4.86
86742,Cebalrai,265.868145,4.567303,2.76
86929,Eta Pav,266.433315,-64.723871,3.61
86974,86Mu  Her,266.614785,27.720676,3.42
87072,3    Sgr,266.890110,-27.830788,4.53
87073,Iot1Sco,266.896170,-40.126997,2.99
87108,62Gam Oph,266.973165,2.707276,3.75
87220,HIP87220,267.293655,-31.703203,4.79
87261,Fuyue,267.464475,-37.043304,3.19
87294,Iot2Sco,267.546300,-40.090435,4.78
87585,Grumium,268.382010,56.872643,3.73
87808,91The Her,269.063250,37.250539,3.86
87833,Eltanin,269.151555,51.488895,2.24
87846,HIP87846,269.197605,-44.342246,4.85
87933,92Xi  Her,269.441160,29.24788,3.70
87936,HIP87936,269.449185,-41.716295,4.88
87998,94Nu  Her,269.625615,30.189277,4.41
88048,64Nu  Oph,269.756625,-9.773632,3.32
88116,4    Sgr,269.948145,-23.816133,4.74
88128,93    Her,270.014235,16.750919,4.67
88149,66    Oph,270.065820,4.368615,4.79
88175,57Zet Ser,270.120870,-3.690269,4.62
88192,67    Oph,270.161310,2.931568,3.93
88267,95    Her,270.376695,21.595782,4.26
88290,68    Oph,270.438330,1.305076,4.42
88404,69Tau Oph,270.770505,-8.180349,4.77
88567,Gam1Sgr,271.255110,-29.580087,4.66
88601,70    Oph,271.363695,2.500099,4.03
88635,Alnasl,271.452045,-30.424091,2.98
88657,98    Her,271.507920,22.218879,4.96
88714,The Ara,271.657800,-50.091477,3.65
88726,HIP88726,271.707870,-43.425216,4.92
88765,71    Oph,271.826505,8.733867,4.64
88771,72    Oph,271.837440,9.563847,3.71
88794,103Omi Her,271.885620,28.762488,3.84
88839,HIP88839,272.020740,-28.457093,4.55
88866,Pi  Pav,272.145000,-63.668553,4.33
88886,102    Her,272.189550,20.814557,4.37
89112,Eps Tel,272.807355,-45.954418,4.52
89153,11    Sgr,272.930550,-23.701235,4.96
89172,104    Her,272.975655,31.40535,4.96
89341,Polis,273.440880,-21.058834,3.84
89348,36    Dra,273.473175,64.397287,4.99
89642,Eta Sgr,274.406895,-36.761686,3.10
89678,HIP89678,274.513290,-27.042641,4.66
89826,1Kap Lyr,274.965465,36.064547,4.33
89861,106    Her,275.074635,21.961297,4.92
89908,43Phi Dra,275.189325,71.337814,4.22
89918,74    Oph,275.216925,3.377165,4.85
89931,Kaus Media,275.248500,-29.828103,2.72
89937,44Chi Dra,275.261040,72.732843,3.55
89962,58Eta Ser,275.327505,-2.898825,3.23
90098,Xi  Pav,275.806755,-61.493901,4.35
90135,Zet Sct,275.914935,-8.934383,4.66
90139,109    Her,275.924505,21.769752,3.85
90156,39    Dra,275.977605,58.800736,4.98
90185,Kaus Australis,276.043020,-34.384616,1.79
90289,21    Sgr,276.337665,-20.541679,4.81
90344,Fafnir,276.496035,65.56348,4.82
90422,Alp Tel,276.743415,-45.968459,3.49
90496,Kaus Borealis,276.992685,-25.4217,2.82
90568,Zet Tel,277.207575,-49.070588,4.10
90595,Gam Sct,277.299390,-14.565813,4.67
90797,Nu  Pav,277.843440,-62.278302,4.63
90830,Del1Tel,277.939305,-45.914814,4.92
90905,45    Dra,278.143845,57.045599,4.77
90982,The CrA,278.375745,-42.31251,4.62
91117,Alp Sct,278.801775,-8.244073,3.85
91262,Vega,279.234600,38.783692,0.03
91726,Del Sct,280.568445,-9.052549,4.70
91792,Zet Pav,280.758900,-71.428113,4.01
91845,Eps Sct,280.880220,-8.275215,4.88
91918,HIP91918,281.080665,-35.641987,4.86
91919,4Eps1Lyr,281.084760,39.670123,4.67
91926,5Eps2Lyr,281.094915,39.612721,4.59
91971,6Zet1Lyr,281.193135,37.605115,4.34
92024,HIP92024,281.361975,-64.871259,4.78
92041,27Phi Sgr,281.414100,-26.990778,3.17
92043,110    Her,281.415525,20.546308,4.19
92088,HIP92088,281.518665,26.66213,4.83
92161,111    Her,281.755290,18.181519,4.34
92175,Bet Sct,281.793630,-4.747867,4.22
92420,Sheliak,282.519975,33.362667,3.52
92512,47Omi Dra,282.800220,59.388351,4.63
92609,Lam Pav,283.054320,-62.187593,4.22
92689,HIP92689,283.306440,50.708221,4.92
92761,Ainalrami,283.542405,-22.744834,4.86
92782,52Ups Dra,283.599150,71.297192,4.82
92791,12Del2Lyr,283.626180,36.898613,4.22
92818,113    Her,283.687020,22.645076,4.57
92855,Nunki,283.816350,-26.296722,2.05
92862,13    Lyr,283.833735,43.946088,4.08
92946,Alya,284.054925,4.203595,4.62
92951,63The2Ser,284.061015,4.202132,4.98
93015,Kap Pav,284.237655,-67.233495,4.40
93026,Eta Sct,284.265285,-5.846314,4.83
93085,37Xi 2Sgr,284.432505,-21.106654,3.52
93148,Lam Tel,284.615670,-52.938629,4.85
93174,Eps CrA,284.680815,-37.107357,4.83
93194,Sulafat,284.735925,32.689557,3.25
93244,13Eps Aql,284.905665,15.068298,4.02
93279,15Lam Lyr,285.003435,32.145514,4.94
93429,12    Aql,285.420120,-5.739115,4.02
93506,Ascella,285.652980,-29.880105,2.60
93542,Zet CrA,285.778605,-42.095105,4.74
93683,39Omi Sgr,286.170750,-21.741496,3.76
93747,Okab,286.352535,13.863478,2.99
93805,16Lam Aql,286.562250,-4.882554,3.43
93825,Gam CrA,286.604565,-37.063437,4.23
93864,40Tau Sgr,286.735050,-27.670423,3.32
94005,Del CrA,287.087340,-40.496703,4.57
94114,Meridiana,287.368035,-37.904474,4.11
94141,Albaldah,287.440965,-21.023615,2.88
94160,Bet CrA,287.507310,-39.340796,4.10
94376,Altais,288.138375,67.661541,3.07
94481,Aladfar,288.439530,39.145968,4.43
94643,42Psi Sgr,288.885105,-25.256682,4.86
94648,60Tau Dra,288.888435,73.355468,4.45
94703,1    Vul,289.054335,21.390428,4.76
94713,21The Lyr,289.092060,38.133731,4.35
94779,1Kap Cyg,289.275600,53.368459,3.80
94820,43    Sgr,289.408665,-18.952908,4.88
95066,26    Aql,290.137095,-5.415766,4.98
95081,58Pi  Dra,290.167005,65.714531,4.60
95168,44Rho1Sgr,290.418165,-17.847197,3.92
95176,46Ups Sgr,290.431755,-15.955018,4.52
95241,Arkab Prior,290.659545,-44.458965,3.96
95294,Arkab Posterior,290.804640,-44.799778,4.27
95347,Rukbat,290.971545,-40.61594,3.96
95372,2    Cyg,291.031575,29.621338,4.99
95501,30Del Aql,291.374580,3.114775,3.36
95585,32Nu  Aql,291.629535,0.33857,4.64
95771,Anser,292.176405,24.664905,4.44
95853,10Iot2Cyg,292.426470,51.729779,3.76
95947,Albireo,292.680345,27.959681,3.05
96052,8    Cyg,292.943010,34.452968,4.74
96100,Alsafi,293.087235,69.661175,4.67
96229,38Mu  Aql,293.522295,7.378941,4.45
96341,Iot Tel,293.804130,-48.099202,4.88
96441,13The Cyg,294.110580,50.221103,4.49
96465,52    Sgr,294.176790,-24.883623,4.59
96468,41Iot Aql,294.180330,-1.286601,4.36
96483,39Kap Aql,294.222705,-7.027477,4.93
96683,12Phi Cyg,294.844185,30.153321,4.68
96757,Sham,295.024125,18.01389,4.39
96837,6Bet Sge,295.262250,17.476041,4.39
97118,15    Cyg,296.069145,37.354355,4.89
97165,Fawaris,296.243610,45.13081,2.86
97278,Tarazed,296.564910,10.613261,2.72
97290,56    Sgr,296.590605,-19.761113,4.87
97365,7Del Sge,296.846925,18.534286,3.68
97433,63Eps Dra,297.042750,70.26793,3.84
97649,Altair,297.695820,8.868322,0.76
97679,12    Vul,297.767115,22.610046,4.90
97804,55Eta Aql,298.118205,1.005661,3.87
97886,13    Vul,298.365390,24.079614,4.57
97938,Libertas,298.562010,8.461453,4.71
98032,Iot Sgr,298.815390,-41.868288,4.12
98036,Alshain,298.828305,6.406763,3.71
98055,24Psi Cyg,298.907505,52.438948,4.91
98066,Terebellum,298.959765,-26.299506,4.70
98068,22    Cyg,298.965675,38.486705,4.95
98073,HIP98073,298.980765,58.845969,4.98
98110,21Eta Cyg,299.076570,35.083424,3.89
98162,59    Sgr,299.236800,-27.169899,4.54
98337,12Gam Sge,299.689275,19.492148,3.51
98353,60    Sgr,299.738325,-26.195767,4.84
98412,The1Sgr,299.934075,-35.276305,4.37
98495,Eps Pav,300.147675,-72.910504,3.97
98543,15    Vul,300.275190,27.753573,4.66
98608,HIP98608,300.436395,-59.375893,4.95
98688,62    Sgr,300.664485,-27.709845,4.43
98702,67Rho Dra,300.704400,67.873565,4.51
98761,HIP98761,300.889365,-37.940699,4.77
98842,HIP98842,301.081620,-32.056296,4.99
99120,Xi  Tel,301.846500,-52.880793,4.93
99240,Del Pav,302.177355,-66.182068,3.55
99255,1Kap Cep,302.222175,77.711419,4.38
99303,28    Cyg,302.356740,36.839621,4.93
99473,65The Aql,302.826195,-0.821461,3.24
99639,30    Cyg,303.325200,46.815675,4.80
99655,33    Cyg,303.349320,56.567722,4.28
99675,31    Cyg,303.407940,46.741329,3.80
99742,67Rho Aql,303.569235,15.197609,4.94
99770,29    Cyg,303.633435,36.806302,4.93
99824,HIP99824,303.816225,25.591957,4.79
99848,32    Cyg,303.868005,47.714208,3.96
99874,23    Vul,303.942240,27.814242,4.50
100027,5Alp1Cap,304.411950,-12.508212,4.30
100044,34    Cyg,304.446675,38.03293,4.77
100064,Algedi,304.513560,-12.544852,3.58
100310,Alshat,305.165895,-12.75908,4.77
100345,Dabih,305.252805,-14.781367,3.05
100453,Sadr,305.557095,40.256679,2.23
100587,39    Cyg,305.965065,32.190172,4.43
100751,Peacock,306.411885,-56.73509,1.94
101027,11Rho Cap,307.215060,-17.813687,4.77
101076,41    Cyg,307.348890,30.368555,4.01
101093,2The Cep,307.395225,62.994105,4.21
101101,69    Aql,307.412505,-2.885531,4.91
101138,45Ome1Cyg,307.514745,48.951569,4.94
101421,Aldulfin,308.303205,11.303263,4.03
101474,47    Cyg,308.475780,35.250852,4.61
101589,4Zet Del,308.827230,14.674213,4.64
101612,Phi1Pav,308.895045,-60.581749,4.75
101692,70    Aql,309.181800,-2.549957,4.91
101769,Rotanev,309.387240,14.595087,3.64
101772,Alp Ind,309.391740,-47.291502,3.11
101773,Rho Pav,309.396975,-61.529918,4.86
101847,71    Aql,309.584505,-1.105121,4.31
101867,29    Vul,309.630570,21.201174,4.81
101958,Sualocin,309.909525,15.912072,3.77
102098,Deneb,310.357980,45.280338,1.25
102281,11Del Del,310.864725,15.074581,4.43
102333,Eta Ind,311.009490,-51.920971,4.51
102388,30    Vul,311.218785,25.270617,4.92
102395,Bet Pav,311.239710,-66.203212,3.42
102422,3Eta Cep,311.322165,61.838782,3.41
102431,HIP102431,311.338170,57.579725,4.52
102453,52    Cyg,311.415645,30.719715,4.22
102485,16Psi Cap,311.523900,-25.270898,4.13
102488,Aljanah,311.552670,33.970256,2.48
102532,12Gam2Del,311.664600,16.124296,4.27
102571,HIP102571,311.794785,34.374123,4.93
102589,54Lam Cyg,311.852235,36.490717,4.53
102618,Albali,311.918970,-9.495776,3.78
102624,3    Aqr,311.934315,-5.027701,4.43
102724,55    Cyg,312.234555,46.114134,4.81
102790,Zet Ind,312.370635,-46.226826,4.90
102831,Alp Mic,312.492000,-33.779722,4.89
102978,18Ome Cap,312.955380,-26.919133,4.12
103004,31    Vul,313.032015,27.096979,4.56
103045,6Mu  Aqr,313.163475,-8.983318,4.73
103089,57    Cyg,313.311465,44.38726,4.80
103227,Bet Ind,313.702470,-58.454155,3.67
103413,58Nu  Cyg,314.293395,41.167136,3.94
103632,59    Cyg,314.956470,47.520951,4.74
103738,Gam Mic,315.322755,-32.257767,4.67
104019,22Eta Cap,316.101255,-19.854991,4.82
104060,62Xi  Cyg,316.232760,43.927852,3.72
104139,23The Cap,316.486770,-17.232861,4.08
104194,63    Cyg,316.650390,47.648403,4.56
104234,24    Cap,316.781955,-25.005853,4.49
104459,13Nu  Aqr,317.398530,-11.371693,4.50
104521,5Gam Equ,317.585415,10.131579,4.70
104732,64Zet Cyg,318.234105,30.226916,3.21
104858,7Del Equ,318.620055,10.006981,4.47
104887,65Tau Cyg,318.697755,38.045317,3.74
104987,Kitalpha,318.955965,5.247845,3.92
105102,67Sig Cyg,319.353975,39.394681,4.22
105138,66Ups Cyg,319.479480,34.896898,4.41
105140,Eps Mic,319.484490,-32.172539,4.71
105199,Alderamin,319.644450,62.585573,2.45
105319,The Ind,319.966440,-53.449427,4.39
105382,The1Mic,320.190120,-40.809465,4.80
105502,1    Peg,320.521650,19.804508,4.08
105515,32Iot Cap,320.561640,-16.834542,4.28
105858,Gam Pav,321.610575,-65.366198,4.21
105881,34Zet Cap,321.666780,-22.411332,3.77
106032,Alfirk,322.164930,70.560716,3.23
106039,36    Cap,322.180815,-21.80718,4.50
106140,2    Peg,322.487055,23.638838,4.52
106278,Sadalsuud,322.889730,-5.571172,2.90
106481,73Rho Cyg,323.495250,45.591837,3.98
106551,72    Cyg,323.693940,38.534054,4.87
106723,39Eps Cap,324.270120,-19.466011,4.51
106786,Bunda,324.437955,-7.854201,4.68
106801,9    Cep,324.480105,62.08194,4.76
106985,Nashira,325.022715,-16.662308,3.69
107089,Nu  Oct,325.368795,-77.390046,3.73
107119,11    Cep,325.479780,71.311417,4.55
107136,Azelfafage,325.523595,51.189622,4.69
107188,43Kap Cap,325.664595,-18.866323,4.72
107259,Mu  Cep,325.876905,58.780046,4.23
107310,78Mu 1Cyg,326.035650,28.742632,4.49
107315,Enif,326.046495,9.875011,2.38
107348,9    Peg,326.127900,17.350017,4.34
107354,10Kap Peg,326.161380,25.645036,4.14
107380,9Iot PsA,326.236695,-33.025781,4.35
107418,10Nu  Cep,326.362200,61.120806,4.25
107533,81Pi 2Cyg,326.698365,49.30957,4.23
107556,Deneb Algedi,326.760165,-16.127286,2.85
108085,Aldhanab,328.482120,-37.364852,3.00
108431,Del Ind,329.479395,-54.992575,4.40
108870,Eps Ind,330.832290,-56.785977,4.69
108874,31Omi Aqr,330.828510,-2.155363,4.74
108917,Kurhah,330.947025,64.627971,4.26
109068,22Nu  Peg,331.419795,5.05853,4.86
109074,Sadalmelik,331.445985,-0.319851,2.95
109111,Lam Gru,331.528710,-39.543353,4.47
109139,33Iot Aqr,331.609290,-13.869679,4.29
109176,24Iot Peg,331.752705,25.345112,3.77
109268,Alnair,332.058135,-46.960975,1.73
109285,14Mu  PsA,332.095830,-32.988468,4.50
109289,Ups PsA,332.108055,-34.043841,4.99
109400,24    Cep,332.451615,72.341207,4.79
109410,29Pi 2Peg,332.496855,33.178224,4.28
109422,15Tau PsA,332.536395,-32.548407,4.94
109427,Biham,332.549940,6.197865,3.52
109492,21Zet Cep,332.713620,58.201261,3.39
109754,HIP109754,333.469680,39.714927,4.50
109857,23Eps Cep,333.758160,57.043587,4.18
109908,Mu 1Gru,333.903795,-41.3467,4.79
109937,1    Lac,333.992400,37.748737,4.14
110003,Ancha,334.208475,-7.78329,4.17
110130,Alp Tuc,334.625565,-60.259587,2.87
110351,2    Lac,335.256420,46.536569,4.55
110371,32    Peg,335.330580,28.330529,4.78
110386,31    Peg,335.379480,12.205186,4.82
110395,Sadachbia,335.414070,-1.387331,3.86
110538,3Bet Lac,335.890125,52.229046,4.42
110609,4    Lac,336.129135,49.476392,4.55
110672,52Pi  Aqr,336.319260,1.377401,4.80
110838,Del Tuc,336.832965,-64.966354,4.51
110882,35    Peg,336.964680,4.695664,4.78
110960,55Zet1Aqr,337.207965,-0.019972,3.65
110991,27Del Cep,337.292745,58.415198,4.07
110997,Del1Gru,337.317375,-43.495565,3.97
111022,5    Lac,337.382595,47.706887,4.34
111043,Del2Gru,337.439325,-43.749224,4.12
111104,6    Lac,337.621920,43.123376,4.52
111123,57Sig Aqr,337.661730,-10.67795,4.82
111169,7Alp Lac,337.822725,50.282491,3.76
111188,17Bet PsA,337.876350,-32.346073,4.29
111310,Nu  Tuc,338.250150,-61.982122,4.91
111497,62Eta Aqr,338.839080,-0.117498,4.04
111674,9    Lac,339.343485,51.545123,4.64
111841,10    Lac,339.815325,39.050269,4.89
111944,11    Lac,340.128495,44.276305,4.50
111954,18Eps PsA,340.163910,-27.043617,4.18
112029,Homam,340.365495,10.831364,3.41
112051,43Omi Peg,340.439205,29.307641,4.80
112122,Tiaki,340.666725,-46.884577,2.07
112158,Matar,340.750560,30.221245,2.93
112203,Rho Gru,340.874895,-41.414347,4.84
112211,66    Aqr,340.896810,-18.830375,4.68
112374,Eta Gru,341.407785,-53.500121,4.84
112405,Bet Oct,341.515380,-81.381615,4.13
112440,47Lam Peg,341.632815,23.565654,3.97
112447,46Xi  Peg,341.673240,12.172888,4.20
112519,HIP112519,341.870670,83.15383,4.77
112623,Eps Gru,342.138585,-51.316864,3.49
112716,71Tau2Aqr,342.397920,-13.592632,4.05
112724,32Iot Cep,342.420300,66.200408,3.50
112748,Sadalbari,342.500775,24.601579,3.51
112917,15    Lac,343.008375,43.312417,4.95
112948,22Gam PsA,343.131405,-32.875504,4.46
112961,73Lam Aqr,343.153650,-7.579599,3.73
113116,HIP113116,343.601835,84.346177,4.70
113136,Skat,343.662555,-15.82082,3.27
113186,50Rho Peg,343.806960,8.816166,4.91
113246,23Del PsA,343.987080,-32.539628,4.20
113288,HIP113288,344.108325,49.733544,4.99
113368,Fomalhaut,344.412570,-29.622236,1.17
113638,Zet Gru,345.220155,-52.754137,4.11
113726,1Omi And,345.480255,42.325979,3.62
113881,Scheat,345.943515,28.082789,2.44
113889,Fumalsamakah,345.969225,3.820045,4.48
113919,3    And,346.045530,50.052091,4.64
113963,Markab,346.190220,15.205264,2.49
114104,1    Cas,346.653390,59.41976,4.84
114119,86    Aqr,346.670175,-23.743115,4.48
114131,The Gru,346.719750,-43.520358,4.28
114144,55    Peg,346.751085,9.409492,4.54
114155,56    Peg,346.778085,25.468259,4.76
114222,33Pi  Cep,346.974345,75.387496,4.41
114341,88    Aqr,347.361645,-21.17241,3.68
114375,89    Aqr,347.478735,-22.457611,4.71
114421,Iot Gru,347.589600,-45.246711,3.88
114570,7    And,348.137400,49.406207,4.53
114724,90Phi Aqr,348.580665,-6.049003,4.22
114855,91Psi1Aqr,348.972885,-9.087737,4.24
114939,92Chi Aqr,349.212255,-7.726504,4.93
114971,6Gam Psc,349.291410,3.282289,3.70
114996,Gam Tuc,349.357470,-58.235734,3.99
115022,8    And,349.435980,49.0153,4.82
115033,93Psi2Aqr,349.475895,-9.182513,4.41
115088,34Omi Cep,349.656000,68.111445,4.75
115102,Gam Scl,349.705995,-32.532027,4.41
115115,95Psi3Aqr,349.740315,-9.61075,4.99
115250,Salm,350.159340,23.740337,4.58
115438,98    Aqr,350.742630,-20.10058,3.96
115590,4    Cas,351.209385,62.282806,4.96
115623,Alkarab,351.344895,23.404101,4.42
115669,99    Aqr,351.511620,-20.642014,4.38
115738,8Kap Psc,351.733140,1.255608,4.95
115830,10The Psc,351.992070,6.378992,4.27
115919,70    Peg,352.288725,12.760554,4.54
115990,HIP115990,352.508040,58.54892,4.89
116231,Bet Scl,353.242680,-37.818268,4.38
116247,101    Aqr,353.319270,-20.914504,4.70
116310,72    Peg,353.488260,31.325277,4.97
116389,Iot Phe,353.768985,-42.615075,4.69
116584,16Lam And,354.390840,46.458152,3.81
116602,HIP116602,354.462405,-45.492351,4.74
116631,17Iot And,354.534150,43.268073,4.29
116727,Errai,354.837300,77.632276,3.21
116758,102Ome1Aqr,354.946110,-14.222178,4.97
116771,17Iot Psc,354.987660,5.626292,4.13
116805,19Kap And,355.102035,44.333932,4.15
116901,104    Aqr,355.440855,-17.816533,4.82
116928,18Lam Psc,355.511685,1.780041,4.49
116971,105Ome2Aqr,355.680585,-14.544905,4.49
117073,78    Peg,355.997835,29.361454,4.93
117221,20Psi And,356.508510,46.420276,4.97
117245,19    Psc,356.597985,3.486811,4.95
117301,5Tau Cas,356.764260,58.651989,4.88
117452,Del Scl,357.231405,-28.130268,4.59
117863,7Rho Cas,358.595970,57.499382,4.51
118131,84Psi Peg,359.439705,25.141401,4.63
118209,27    Psc,359.668245,-3.555983,4.88
118243,8Sig Cas,359.752230,55.754928,4.88
118268,28Ome Psc,359.827875,6.863321,4.03
118322,Eps Tuc,359.978910,-65.577132,4.49
,,79.168890,46.000842,0.96
,66Alp Gem,113.652405,31.89052,2.85
,,142.676460,-40.465622,4.65
,Alula Australis,169.546770,31.528783,4.33
,53Xi  UMa,169.546770,31.528783,4.80
,29Gam Vir,190.412565,-1.449235,3.52
,79Zet UMa,200.984940,54.920471,3.95
,Graffias,241.091610,-11.374611,4.84
,,257.591745,-15.726921,3.40
